Sigla;Nome;Tipo;Setor;Preço;DY;Máx (52s);Mín (52s);DPA
AALL34;AMERICAN AIR DRN;DRN;Construção e Transporte;101,47;;149,37;61,90;
AALR3;ALLIAR ON;ON;Saúde;12,02;;15,70;8,33;
AAPL34;APPLE DRN;DRN;Tecnologia da Informação;79,25;0,4%;80,93;55,73;0,31
ABBV34;ABBVIE DRN;DRN;Consumo não Cíclico;575,00;2,6%;646,40;477,96;14,72
ABCB4;ABC BRASIL PN;PN;Financeiro;17,78;4,3%;18,01;11,17;0,77
ABCP11;FII ABC IMOB;FII;Financeiro e Outros;73,99;5,5%;78,67;66,64;4,10
ABEV3;AMBEV S/A ON;ON;Consumo não Cíclico;17,26;2,8%;19,84;11,69;0,49
ABTT34;ABBOTT DRN;DRN;Saúde;164,30;0,7%;181,40;136,06;1,20
ACNB34;ACCENTURE DRN;DRN;Tecnologia da Informação;1752,49;0,6%;1923,50;1180,02;9,85
AERI3;AERIS ON;ON;Bens Industriais;8,02;;13,74;6,58;
AESB3;AES BRASIL ON;ON;Utilidade Pública;15,44;1,5%;17,43;12,95;0,23
AFCR11;FII AFINVCR;FII;Financeiro e Outros;105,99;11,7%;114,84;92,21;12,35
AFHI11;FII AFHI CRI;FII;Financeiro e Outros;92,50;3,1%;97,99;85,35;2,90
AFLT3;AFLUENTE T ON;ON;Utilidade Pública;8,68;7,4%;11,55;8,36;0,64
AFOF11;FII ALIANZFF;FII;Financeiro e Outros;97,01;4,3%;288,28;54,48;4,14
AGRO3;BRASILAGRO ON;ON;Consumo não Cíclico;30,20;4,7%;36,33;20,04;1,42
AHEB3;SPTURIS ON;ON;Consumo Cíclico;25,25;;31,00;18,50;
AIEC11;FII AUTONOMY;CI;Financeiro e Outros;78,21;8,1%;95,19;73,39;6,30
AIGB34;AIG GROUP DRN;DRN;Financeiro;282,17;1,2%;292,90;153,76;3,45
ALLD3;ALLIED ON;ON;Consumo Cíclico;29,00;;39,60;16,28;
ALMI11;FII TORRE AL;FII;Financeiro e Outros;1015,02;;1402,22;1001,10;
ALPA3;ALPARGATAS ON;ON;Consumo Cíclico;50,21;;53,39;28,90;
ALPA4;ALPARGATAS PN;PN;Consumo Cíclico;59,87;;62,33;32,83;
ALPK3;ESTAPAR ON;ON;Bens Industriais;6,80;;10,49;5,80;
ALSO3;ALIANSCSONAE ON;ON;Financeiro;24,89;0,9%;32,78;21,65;0,23
ALUP11;ALUPAR UNT;UNT;Utilidade Pública;25,32;3,3%;28,47;21,78;0,84
ALUP3;ALUPAR ON;ON;Utilidade Pública;8,40;3,3%;10,11;7,34;0,28
ALUP4;ALUPAR PN;PN;Utilidade Pública;8,52;3,3%;9,59;6,61;0,28
ALZR11;FII ALIANZA;FII;Financeiro e Outros;116,13;5,6%;130,70;109,94;6,46
AMAR3;LOJAS MARISA ON;ON;Consumo Cíclico;6,37;;10,08;4,84;
AMBP3;AMBIPAR ON;ON;Utilidade Pública;64,40;0,2%;71,10;20,57;0,09
AMER3;AMERICANAS ON;ON;Consumo Cíclico;43,06;;67,90;38,45;
AMGN34;AMGEN DRN;DRN;Saúde;41,20;1,7%;53,92;41,00;0,69
AMZO34;AMAZON DRN;DRN;Consumo Cíclico;115,12;;125,88;98,45;
ANIM3;ANIMA ON;ON;Consumo Cíclico;9,96;;14,54;7,76;
APER3;ALPER S.A. ON;ON;Financeiro;44,40;;64,10;25,55;
AQLL11;FII AQUILLA;FII;Financeiro e Outros;385,03;;481,19;384,97;
ARCT11;FII ARCTIUM;FII;Financeiro e Outros;101,81;16,9%;122,26;67,68;17,19
ARML3;ARMAC ON;ON;Bens Industriais;20,33;;26,20;18,80;
ARMT34;ARCELOR DRN;DRN;Materiais Básicos;88,11;0,6%;99,00;34,84;0,56
ARRI11;FII ATRIO;FII;Financeiro e Outros;99,30;11,8%;112,12;65,18;11,72
ARZZ3;AREZZO CO ON;ON;Consumo Cíclico;88,44;1,0%;101,84;51,76;0,86
ASAI3;ASSAI ON;ON;Consumo não Cíclico;17,03;0,4%;18,53;11,93;0,06
ATMP3;ATMASA ON;ON;Bens Industriais;5,75;;14,05;2,31;
ATOM3;ATOMPAR ON;ON;Outros;5,24;5,7%;11,87;2,58;0,30
ATSA11;FII HATRIUM;FII;Financeiro e Outros;101,99;;118,00;98,00;
ATTB34;ATT INC DRN;DRN;Comunicações;47,08;3,8%;60,56;46,40;1,80
ATVI34;ACTIVISION DRN;DRN;Não Classificado;425,75;;519,24;409,23;
AURA33;AURA 360 DRN;DRN;Materiais Básicos;60,15;;70,27;48,43;
AVLL3;ALPHAVILLE ON;ON;Consumo Cíclico;30,20;;32,62;18,93;
AXPB34;AMERICAN EXP DRN;DRN;Financeiro;85,21;0,5%;91,32;51,87;0,45
AZEV3;AZEVEDO ON;ON;Bens Industriais;6,46;;10,17;2,89;
AZEV4;AZEVEDO PN;PN;Bens Industriais;4,97;;8,05;1,54;
AZUL4;AZUL PN;PN;Bens Industriais;37,78;;49,51;20,93;
B3SA3;B3 ON;ON;Financeiro;14,43;7,1%;20,73;13,40;1,03
BABA34;ALIBABAGR DRN;DRN;Não Classificado;32,15;;49,10;29,37;
BAHI11;BAHEMA PRB;PRB;Consumo Cíclico;4,99;;17,00;4,50;
BAHI3;BAHEMA ON;ON;Consumo Cíclico;14,68;;22,06;13,42;
BALM3;BAUMER ON;ON;Saúde;18,20;1,8%;29,80;14,54;0,33
BALM4;BAUMER PN;PN;Saúde;17,49;2,4%;25,56;12,51;0,42
BARI11;FII BARIGUI;FII;Financeiro e Outros;104,99;14,9%;108,50;86,28;15,65
BAUH4;EXCELSIOR PN;PN;Consumo não Cíclico;87,99;0,8%;98,11;76,89;0,67
BAZA3;AMAZONIA ON;ON;Financeiro;41,50;6,3%;42,00;33,70;2,60
BBAS3;BRASIL ON;ON;Financeiro;30,46;6,3%;38,95;26,29;1,93
BBDC3;BRADESCO ON;ON;Financeiro;19,96;5,2%;24,18;15,59;1,03
BBDC4;BRADESCO PN;PN;Financeiro;23,11;4,9%;28,32;16,74;1,13
BBFI11B;FII BB PROGR;FII;Financeiro e Outros;2385,11;11,7%;2525,33;1711,36;278,99
BBFO11;FII BB FOF;FII;Financeiro e Outros;77,51;2,8%;96,26;73,55;2,13
BBPO11;FII BB PRGII;FII;Financeiro e Outros;111,05;11,7%;127,05;103,34;12,99
BBRC11;FII BB CORP;FII;Financeiro e Outros;108,80;12,5%;138,05;104,77;13,58
BBRK3;BR BROKERS ON;ON;Financeiro;2,15;;4,38;1,37;
BBSD11;BB ETF SP DV CI;CI;Não Classificado;88,10;;95,91;71,04;
BBSE3;BBSEGURIDADE ON;ON;Financeiro;19,34;5,2%;29,36;18,86;1,00
BBYY34;BEST BUY DRN;DRN;Consumo Cíclico;597,60;1,2%;676,64;498,21;6,93
BCFF11;FII BC FFII;FII;Financeiro e Outros;74,48;8,1%;90,66;70,00;6,06
BCIA11;FII BCIA;FII;Financeiro e Outros;89,52;8,6%;120,78;86,77;7,72
BCRI11;FII BEES CRI;FII;Financeiro e Outros;107,73;12,7%;113,66;92,41;13,72
BDLL3;BARDELLA ON;ON;Bens Industriais;10,41;;27,51;7,95;
BDLL4;BARDELLA PN;PN;Bens Industriais;11,41;;17,01;8,10;
BEEF3;MINERVA ON;ON;Consumo não Cíclico;8,22;12,5%;13,40;7,91;1,03
BEES3;BANESTES ON;ON;Financeiro;5,09;4,9%;5,98;4,52;0,25
BEES4;BANESTES PN;PN;Financeiro;5,89;4,2%;8,57;4,74;0,25
BERK34;BERKSHIRE DRN;DRN;Financeiro;74,15;;78,39;55,79;
BGIP3;BANESE ON;ON;Financeiro;35,27;3,2%;48,30;34,10;1,13
BGIP4;BANESE PN;PN;Financeiro;23,70;5,3%;26,39;21,03;1,25
BICR11;FII INTER;FII;Financeiro e Outros;96,76;3,3%;113,62;82,78;3,23
BIDI11;BANCO INTER UNT;UNT;Financeiro;66,51;0,1%;86,74;16,50;0,05
BIDI3;BANCO INTER ON;ON;Financeiro;23,00;0,1%;29,09;5,09;0,02
BIDI4;BANCO INTER PN;PN;Financeiro;21,59;0,1%;28,94;5,47;0,02
BIIB34;BIOGEN DRN;DRN;Consumo não Cíclico;290,99;;364,57;205,45;
BIOM3;BIOMM ON;ON;Saúde;14,08;;19,63;12,20;
BITH11;Hashdex CI;CI;Não Classificado;60,50;;61,00;58,16;
BKBR3;BK BRASIL ON;ON;Consumo Cíclico;9,31;;12,57;8,18;
BKNG34;BOOKING DRN;DRN;Não Classificado;67,89;;81,50;51,98;
BLAK34;BLACKROCK DRN;DRN;Financeiro;815,66;0,9%;838,04;476,85;7,13
BLAU3;BLAU ON;ON;Saúde;51,31;0,0%;54,92;39,34;0,02
BLCP11;FII BLUECAP;FII;Financeiro e Outros;84,41;8,3%;103,26;79,23;7,03
BLMC11;FII BLUE CRI;FII;Financeiro e Outros;101,25;3,0%;103,29;99,57;2,99
BLMG11;FII BLUE LOG;FII;Financeiro e Outros;98,17;3,7%;105,99;94,66;3,63
BLMR11;FII BLUE FOF;FII;Financeiro e Outros;77,07;3,4%;93,87;73,43;2,60
BMEB3;MERC BRASIL ON;ON;Financeiro;24,49;5,0%;25,60;15,17;1,22
BMEB4;MERC BRASIL PN;PN;Financeiro;19,79;6,6%;21,40;13,79;1,30
BMGB4;BANCO BMG PN;PN;Financeiro;3,99;4,5%;6,26;3,85;0,18
BMIN3;MERC INVEST ON;ON;Financeiro;22,25;;35,62;18,61;
BMIN4;MERC INVEST PN;PN;Financeiro;20,60;9,5%;28,62;16,36;1,95
BMKS3;BIC MONARK ON;ON;Consumo Cíclico;236,97;3,4%;274,99;188,53;7,93
BMLC11;FII BMBRC LC;FII;Financeiro e Outros;90,99;2,5%;94,27;81,40;2,28
BMOB3;BEMOBI TECH ON;ON;Tecnologia da Informação;22,99;;28,57;17,50;
BMYB34;BRISTOLMYERS DRN;DRN;Saúde;340,00;1,5%;386,86;311,81;5,25
BNBR3;NORD BRASIL ON;ON;Financeiro;69,99;4,0%;79,29;57,90;2,82
BNFS11;FII BANRISUL;FII;Financeiro e Outros;124,15;10,0%;126,98;110,39;12,39
BOAC34;BANK AMERICA DRN;DRN;Financeiro;53,50;0,9%;57,32;31,82;0,50
BOAS3;BOA VISTA ON;ON;Financeiro;12,71;0,2%;14,97;9,26;0,02
BOBR4;BOMBRIL PN;PN;Consumo não Cíclico;2,13;;3,40;1,71;
BOEI34;BOEING DRN;DRN;Bens Industriais;1132,26;;1552,82;830,97;
BONY34;BNY MELLON DRN;DRN;Financeiro;281,12;1,2%;293,48;182,11;3,39
BOVA11;ISHARES BOVA CI;CI;Não Classificado;114,80;;126,13;89,86;
BOVV11;IT NOW IBOV CI;CI;Não Classificado;119,89;;131,93;93,83;
BOXP34;BOSTON PROP DRN;DRN;Financeiro;60,00;1,7%;65,24;39,00;1,04
BPAC11;BTGP BANCO UNT;UNT;Financeiro;27,97;1,2%;32,65;17,19;0,33
BPAC3;BTGP BANCO ON;ON;Financeiro;17,95;0,6%;27,00;9,20;0,11
BPAC5;BTGP BANCO PNA;PNA;Financeiro;6,39;1,7%;9,36;4,01;0,11
BPAN4;BANCO PAN PN;PN;Financeiro;18,46;1,2%;26,30;7,06;0,21
BPFF11;FII ABSOLUTO;FII;Financeiro e Outros;71,28;9,3%;79,61;68,48;6,61
BPML11;FII BTG SHOP;FII;Financeiro e Outros;92,99;1,7%;112,39;79,28;1,57
BPRP11;FII BRLPROP;FII;Financeiro e Outros;105,01;8,8%;134,84;93,95;9,28
BRAP3;BRADESPAR ON;ON;Materiais Básicos;56,50;11,6%;68,33;33,97;6,57
BRAP4;BRADESPAR PN;PN;Materiais Básicos;62,76;11,5%;80,15;38,23;7,23
BRAX11;ISHARES BRAX CI;CI;Não Classificado;100,66;;110,35;76,58;
BRBI11;BR PARTNERS UNT;UNT;Financeiro;23,50;;29,51;16,55;
BRCO11;FII BRESCO;FII;Financeiro e Outros;99,50;6,6%;123,17;92,69;6,57
BRCR11;FII BC FUND;FII;Financeiro e Outros;77,54;7,3%;88,75;73,59;5,65
BRDT3;PETROBRAS BR ON;ON;Petróleo. Gás e Biocombustíveis;26,76;7,4%;29,93;16,91;1,99
BREV11;FII BRE VIC;FII;Financeiro e Outros;103,06;5,3%;124,40;90,06;5,47
BRFS3;BRF SA ON;ON;Consumo não Cíclico;24,02;;31,94;16,37;
BRGE11;ALFA CONSORC PNE;PNE;Financeiro;8,25;4,5%;28,39;8,25;0,37
BRGE12;ALFA CONSORC PNF;PNF;Financeiro;6,94;0,0%;6,94;5,40;0,00
BRGE3;ALFA CONSORC ON;ON;Financeiro;9,25;0,0%;15,17;8,16;0,00
BRGE5;ALFA CONSORC PNA;PNA;Financeiro;10,41;2,9%;39,70;10,00;0,31
BRGE6;ALFA CONSORC PNB;PNB;Financeiro;12,99;5,7%;36,82;11,94;0,74
BRIT3;BRISANET ON;ON;Comunicações;12,33;;14,34;11,93;
BRIV3;ALFA INVEST ON;ON;Financeiro;9,89;0,2%;18,84;7,47;0,02
BRIV4;ALFA INVEST PN;PN;Financeiro;8,40;7,2%;11,67;6,93;0,60
BRKM3;BRASKEM ON;ON;Materiais Básicos;64,53;;64,76;19,93;
BRKM5;BRASKEM PNA;PNA;Materiais Básicos;67,58;;68,39;19,70;
BRKM6;BRASKEM PNB;PNB;Materiais Básicos;40,90;;44,82;17,68;
BRML3;BR MALLS PAR ON;ON;Financeiro;8,95;;12,05;7,79;
BRPR3;BR PROPERT ON;ON;Financeiro;8,40;2,3%;10,95;7,46;0,20
BRSR3;BANRISUL ON;ON;Financeiro;13,63;5,5%;15,73;12,29;0,76
BRSR5;BANRISUL PNA;PNA;Financeiro;17,78;5,8%;22,23;16,59;1,03
BRSR6;BANRISUL PNB;PNB;Financeiro;12,52;6,0%;14,68;11,10;0,76
BSLI3;BRB BANCO ON;ON;Financeiro;29,50;0,9%;140,19;15,42;0,28
BSLI4;BRB BANCO PN;PN;Financeiro;22,18;1,4%;140,15;8,92;0,31
BTAL11;FII BTG AGRO;FII;Financeiro e Outros;94,70;3,1%;103,77;90,75;2,92
BTCR11;FII BTG CRI;FII;Financeiro e Outros;91,21;7,6%;95,45;76,60;6,93
BTLG11;FII BTLG;FII;Financeiro e Outros;106,70;6,9%;113,50;96,36;7,40
BTRA11;FII BTG TAGR;FII;Financeiro e Outros;91,70;0,2%;103,77;82,01;0,20
BTSG11;FII BTSP I;CI;Financeiro e Outros;;;;;
BTWR11;FII BTOWERS;CI;Financeiro e Outros;106,40;0,8%;106,40;106,30;0,86
BZLI11;FII BRREALTY;FII;Financeiro e Outros;16,50;;17,79;13,21;
CAMB3;CAMBUCI ON;ON;Consumo Cíclico;4,02;;6,34;3,76;
CAML3;CAMIL ON;ON;Consumo não Cíclico;9,87;5,8%;14,50;8,48;0,57
CARD3;CSU CARDSYST ON;ON;Financeiro;20,88;2,3%;28,64;12,31;0,47
CARE11;FII DEA CARE;FII;Financeiro e Outros;0,71;1,4%;1,08;0,52;0,01
CASH3;MELIUZ ON;ON;Tecnologia da Informação;37,35;0,1%;76,85;9,04;0,04
CATP34;CATERPILLAR DRN;DRN;Bens Industriais;67,35;1,0%;79,68;45,60;0,67
CBAV3;CBA ON;ON;Materiais Básicos;12,50;;12,65;9,80;
CBEE3;AMPLA ENERG ON;ON;Utilidade Pública;23,40;0,3%;45,16;13,83;0,07
CBOP11;FII C BRANCO;FII;Financeiro e Outros;68,90;9,7%;76,78;66,27;6,69
CCPR3;CYRE COM-CCP ON;ON;Financeiro;10,49;9,4%;14,65;9,37;0,98
CCRF11;FII CANVAS;CI;Financeiro e Outros;100,00;0,6%;100,22;90,00;0,64
CCRO3;CCR SA ON;ON;Bens Industriais;12,30;2,2%;14,64;10,25;0,27
CEAB3;CEA MODAS ON;ON;Consumo Cíclico;8,79;;15,58;8,70;
CEBR3;CEB ON;ON;Utilidade Pública;173,28;21,3%;197,33;50,70;36,90
CEBR5;CEB PNA;PNA;Utilidade Pública;172,00;21,5%;222,69;66,17;36,90
CEBR6;CEB PNB;PNB;Utilidade Pública;168,99;24,0%;207,88;55,33;40,59
CEDO3;CEDRO ON;ON;Consumo Cíclico;8,67;;21,91;8,40;
CEDO4;CEDRO PN;PN;Consumo Cíclico;6,26;;13,25;4,89;
CEEB3;COELBA ON;ON;Utilidade Pública;41,80;11,0%;64,07;33,86;4,61
CEEB5;COELBA PNA;PNA;Utilidade Pública;40,00;8,9%;54,53;35,00;3,55
CEED3;CEEE-D ON;ON;Utilidade Pública;46,16;;78,82;36,45;
CEGR3;CEG ON;ON;Utilidade Pública;61,00;2,2%;186,36;49,05;1,36
CEOC11;FII CEO CCP;FII;Financeiro e Outros;65,09;8,2%;77,51;63,49;5,35
CEPE3;CELPE ON;ON;Utilidade Pública;128,00;0,4%;133,14;18,20;0,48
CEPE5;CELPE PNA;PNA;Utilidade Pública;25,01;11,9%;40,60;21,65;2,96
CEPE6;CELPE PNB;PNB;Utilidade Pública;28,05;11,6%;49,86;21,54;3,26
CESP3;CESP ON;ON;Utilidade Pública;23,80;14,2%;32,30;22,96;3,37
CESP5;CESP PNA;PNA;Utilidade Pública;31,20;7,7%;58,94;25,97;2,41
CESP6;CESP PNB;PNB;Utilidade Pública;24,26;10,7%;29,24;22,23;2,60
CGAS3;COMGAS ON;ON;Utilidade Pública;153,00;5,6%;188,09;132,91;8,57
CGAS5;COMGAS PNA;PNA;Utilidade Pública;147,70;6,3%;189,56;137,31;9,34
CGRA3;GRAZZIOTIN ON;ON;Consumo Cíclico;43,50;4,4%;44,33;24,75;1,91
CGRA4;GRAZZIOTIN PN;PN;Consumo Cíclico;42,76;4,4%;43,54;23,99;1,89
CHVX34;CHEVRON DRN;DRN;Petróleo. Gás e Biocombustíveis;49,76;3,8%;64,08;36,63;1,89
CIEL3;CIELO ON;ON;Financeiro;2,78;4,2%;4,75;2,74;0,12
CJCT11;FII CJCTOWER;CI;Financeiro e Outros;61,15;;65,20;57,50;
CLSA3;CLEARSALE ON;ON;Financeiro;27,29;;29,70;25,87;
CLSC4;CELESC PN;PN;Utilidade Pública;69,40;5,0%;78,78;44,42;3,48
CMCS34;COMCAST DRN;DRN;Comunicações;63,50;0,9%;65,43;45,83;0,54
CMIG3;CEMIG ON;ON;Utilidade Pública;17,26;4,9%;17,37;8,98;0,84
CMIG4;CEMIG PN;PN;Utilidade Pública;13,97;6,0%;14,09;8,37;0,84
CMIN3;CSNMINERACAO ON;ON;Materiais Básicos;7,01;5,5%;10,72;6,65;0,38
CNES11;FII CENESP;FII;Financeiro e Outros;38,30;4,9%;64,72;36,45;1,88
COCA34;COCA COLA DRN;DRN;Consumo não Cíclico;48,95;1,6%;51,92;41,95;0,76
COCE3;COELCE ON;ON;Utilidade Pública;65,90;3,2%;87,36;49,61;2,11
COCE5;COELCE PNA;PNA;Utilidade Pública;60,25;3,5%;62,98;47,81;2,11
COGN3;COGNA ON ON;ON;Consumo Cíclico;3,15;;6,31;3,04;
COLG34;COLGATE DRN;DRN;Consumo não Cíclico;57,97;1,2%;69,12;56,30;0,67
COPH34;COPHILLIPS DRN;DRN;Petróleo. Gás e Biocombustíveis;70,98;1,7%;87,80;42,39;1,20
CORM11;FII CORE MET;FII;Financeiro e Outros;108,28;4,3%;116,44;98,01;4,67
COTY34;COTY INC DRN;DRN;Consumo não Cíclico;25,65;;28,45;8,04;
COWC34;COSTCO DRN;DRN;Consumo Cíclico;59,35;1,9%;62,46;42,96;1,12
CPFE3;CPFL ENERGIA ON;ON;Utilidade Pública;27,41;5,2%;30,58;23,01;1,42
CPFF11;FII CAP REIT;FII;Financeiro e Outros;80,97;10,9%;82,34;69,77;8,84
CPLE11;COPEL UNT;UNT;Utilidade Pública;33,50;1,2%;34,56;27,97;0,39
CPLE3;COPEL ON;ON;Utilidade Pública;6,06;14,5%;6,49;4,86;0,88
CPLE5;COPEL PNA;PNA;Utilidade Pública;35,11;0,0%;67,92;6,12;0,01
CPLE6;COPEL PNB;PNB;Utilidade Pública;7,10;13,6%;7,12;5,20;0,97
CPTS11;FII CAPI SEC;FII;Financeiro e Outros;98,50;11,0%;99,94;82,75;10,87
CRDE3;CR2 ON;ON;Consumo Cíclico;21,88;;29,47;20,52;
CRFB3;CARREFOUR BR ON;ON;Consumo não Cíclico;18,18;2,6%;23,75;17,81;0,47
CRFF11;FII CX RBRA2;FII;Financeiro e Outros;71,00;6,8%;87,09;66,29;4,84
CRIV3;ALFA FINANC ON;ON;Financeiro;5,33;;8,75;4,90;
CRIV4;ALFA FINANC PN;PN;Financeiro;5,88;7,7%;7,08;5,58;0,45
CRPG3;CRISTAL ON;ON;Materiais Básicos;110,50;3,0%;139,99;23,52;3,27
CRPG5;CRISTAL PNA;PNA;Materiais Básicos;101,00;3,2%;122,00;18,76;3,20
CRPG6;CRISTAL PNB;PNB;Materiais Básicos;104,99;3,1%;119,97;18,22;3,20
CSAN3;COSAN ON;ON;Petróleo. Gás e Biocombustíveis;22,57;1,1%;27,39;15,99;0,25
CSCO34;CISCO DRN;DRN;Tecnologia da Informação;61,31;1,3%;63,58;40,15;0,78
CSED3;CRUZEIRO EDU ON;ON;Consumo Cíclico;9,48;2,0%;16,07;8,69;0,19
CSMG3;COPASA ON;ON;Utilidade Pública;14,33;21,2%;18,00;11,98;3,04
CSNA3;SID NACIONAL ON;ON;Materiais Básicos;34,88;5,5%;52,52;13,88;1,92
CSRN3;COSERN ON;ON;Utilidade Pública;17,90;10,5%;27,98;13,03;1,88
CSRN5;COSERN PNA;PNA;Utilidade Pública;17,50;11,5%;27,46;13,21;2,01
CSRN6;COSERN PNB;PNB;Utilidade Pública;20,50;9,8%;54,84;12,64;2,01
CTGP34;CITIGROUP DRN;DRN;Financeiro;61,78;1,5%;70,58;37,91;0,94
CTKA4;KARSTEN PN;PN;Consumo Cíclico;28,00;;32,89;11,56;
CTNM3;COTEMINAS ON;ON;Consumo Cíclico;10,03;;16,08;10,00;
CTNM4;COTEMINAS PN;PN;Consumo Cíclico;5,60;;8,64;4,95;
CTSA3;SANTANENSE ON;ON;Consumo Cíclico;2,54;;4,22;2,22;
CTSA4;SANTANENSE PN;PN;Consumo Cíclico;2,06;;3,98;1,68;
CTXT11;FII C TEXTIL;FII;Financeiro e Outros;22,69;8,0%;48,84;21,49;1,81
CURY3;CURY S/A ON;ON;Consumo Cíclico;7,84;5,0%;11,21;7,72;0,39
CVBI11;FII VBI CRI;FII;Financeiro e Outros;101,58;12,9%;105,06;77,41;13,05
CVCB3;CVC BRASIL ON;ON;Consumo Cíclico;21,02;;29,13;11,31;
CVSH34;CVS HEALTH DRN;DRN;Consumo não Cíclico;220,66;1,2%;242,71;148,37;2,73
CXCE11B;FII CX CEDAE;FII;Financeiro e Outros;50,10;21,9%;100,29;48,00;10,97
CXCO11;FII CEF CORP;CI;Financeiro e Outros;91,00;2,9%;106,46;89,42;2,62
CXRI11;FII CX RBRAV;FII;Financeiro e Outros;73,00;9,0%;181,58;72,70;6,55
CXSE3;CAIXA SEGURI ON;ON;Financeiro;9,81;;13,41;9,37;
CXTL11;FII CX TRX;FII;Financeiro e Outros;401,93;27,6%;431,08;197,90;110,72
CYRE3;CYRELA REALT ON;ON;Consumo Cíclico;19,95;18,7%;29,43;17,90;3,74
DASA3;DASA ON;ON;Saúde;50,25;0,6%;243,63;46,25;0,29
DEAI34;DELTA DRN;DRN;Construção e Transporte;208,23;;291,30;158,97;
DESK3;DESKTOP ON;ON;Comunicações;23,90;;25,90;21,10;
DEVA11;FII DEVANT;CI;Financeiro e Outros;104,75;10,7%;114,52;78,53;11,25
DEXP3;DEXXOS PAR ON;ON;Materiais Básicos;12,75;2,2%;18,14;4,38;0,28
DEXP4;DEXXOS PAR PN;PN;Materiais Básicos;11,75;2,5%;43,47;7,33;0,29
DHER34;DANAHER CORP DRN;DRN;Financeiro;425,88;0,1%;438,60;263,35;0,55
DIRR3;DIRECIONAL ON;ON;Consumo Cíclico;12,60;17,4%;15,42;10,51;2,19
DISB34;WALT DISNEY DRN;DRN;Comunicações;63,95;;79,91;44,90;
DIVO11;IT NOW IDIV CI;CI;Não Classificado;69,37;;74,72;53,87;
DMAC11;FII MAC;FII;Financeiro e Outros;9,98;616,5%;26,52;5,11;61,52
DMMO3;DOMMO UNT;UNT;Petróleo. Gás e Biocombustíveis;0,84;;2,38;0,76;
DMVF3;D1000VFARMA ON;ON;Saúde;7,08;;14,29;7,05;
DOHL3;DOHLER ON;ON;Consumo Cíclico;23,49;1,6%;64,35;10,65;0,38
DOHL4;DOHLER PN;PN;Consumo Cíclico;6,27;6,7%;7,30;4,35;0,42
DOTZ3;DOTZ SA ON;ON;Consumo Cíclico;9,29;;17,50;8,80;
DRIT11B;FII MTGESTAO;FII;Financeiro e Outros;100,01;4,7%;175,89;99,43;4,74
DTCY3;DTCOM-DIRECT ON;ON;Bens Industriais;8,45;;23,18;6,64;
DTEX3;DEXCO ON;ON;Materiais Básicos;20,63;3,6%;24,31;15,66;0,75
DUKB34;DUKE ENERGY DRN;DRN;Utilidade Pública;551,34;1,9%;564,17;422,36;10,19
DVFF11;FII DEVA FOF;FII;Financeiro e Outros;96,00;2,2%;100,04;94,33;2,10
DXCO3;DEXCO ON;ON;Materiais Básicos;20,80;;25,09;16,16;
EALT3;ACO ALTONA ON;ON;Bens Industriais;12,02;2,3%;26,21;11,00;0,28
EALT4;ACO ALTONA PN;PN;Bens Industriais;6,80;4,5%;8,69;4,46;0,31
EBAY34;EBAY DRN;DRN;Tecnologia da Informação;197,63;0,5%;201,97;124,19;0,99
ECOO11;ISHARES ECOO CI;CI;Não Classificado;110,52;;123,66;94,90;
ECOR3;ECORODOVIAS ON;ON;Bens Industriais;10,06;;14,07;8,93;
ECPR3;ENCORPAR ON;ON;Consumo Cíclico;84,23;;89,00;84,23;
EDFO11B;FII OURINVES;FII;Financeiro e Outros;245,00;6,6%;348,19;205,00;16,21
EDGA11;FII GALERIA;FII;Financeiro e Outros;25,72;7,1%;30,77;24,47;1,83
EGIE3;ENGIE BRASIL ON;ON;Utilidade Pública;38,68;6,7%;44,43;35,97;2,61
EGYR11;FII ENERGY;CI;Financeiro e Outros;;;;;
EGYR11;FII ENERGY;CI;Financeiro e Outros;;;;;
EKTR3;ELEKTRO ON;ON;Utilidade Pública;43,26;2,2%;62,84;18,12;0,95
EKTR4;ELEKTRO PN;PN;Utilidade Pública;28,00;12,7%;32,66;17,16;3,54
ELET3;ELETROBRAS ON;ON;Utilidade Pública;38,68;6,2%;48,20;24,77;2,39
ELET5;ELETROBRAS PNA;PNA;Utilidade Pública;77,00;4,1%;89,69;36,21;3,12
ELET6;ELETROBRAS PNB;PNB;Utilidade Pública;38,74;6,8%;48,29;25,15;2,62
ELMD3;ELETROMIDIA ON;ON;Comunicações;18,24;;23,70;14,51;
EMAE4;EMAE PN;PN;Utilidade Pública;83,79;10,3%;101,80;26,02;8,59
EMBR3;EMBRAER ON;ON;Bens Industriais;22,93;;24,03;5,84;
ENAT3;ENAUTA PART ON;ON;Petróleo. Gás e Biocombustíveis;13,61;1,4%;18,98;8,67;0,19
ENBR3;ENERGIAS BR ON;ON;Utilidade Pública;18,75;5,3%;19,80;16,10;1,00
ENEV3;ENEVA ON;ON;Utilidade Pública;16,30;;18,98;11,31;
ENGI11;ENERGISA UNT;UNT;Utilidade Pública;45,22;3,9%;51,55;37,84;1,75
ENGI3;ENERGISA ON;ON;Utilidade Pública;15,67;2,2%;21,31;11,57;0,35
ENGI4;ENERGISA PN;PN;Utilidade Pública;7,37;4,8%;8,51;6,07;0,35
ENJU3;ENJOEI ON;ON;Tecnologia da Informação;6,25;;21,94;5,50;
ENMT3;ENERGISA MT ON;ON;Utilidade Pública;78,00;5,9%;78,06;25,12;4,62
ENMT4;ENERGISA MT PN;PN;Utilidade Pública;78,00;5,9%;78,00;25,01;4,62
EPAR3;EMBPAR S/A ON;ON;Bens Industriais;15,08;;19,50;14,00;
EQIN11;FII Nch Eqi High Yield;FII;Não Classificado;93,00;;93,00;91,56;
EQMA3B;EQTLMARANHAO ON;ON;Utilidade Pública;43,44;13,7%;46,77;33,90;5,97
EQPA3;EQTL PARA ON;ON;Utilidade Pública;5,18;8,7%;6,79;2,60;0,45
EQPA7;EQTL PARA PNC;PNC;Utilidade Pública;9,25;4,9%;10,38;4,58;0,45
EQTL3;EQUATORIAL ON;ON;Utilidade Pública;26,31;2,7%;26,68;18,57;0,72
ERCR11;FII ESTOQ RJ;FII;Financeiro e Outros;73900,00;23,2%;73900,00;;17157,45
ERPA11;FII EUROPA;FII;Financeiro e Outros;140,00;;155,00;112,00;
ESPA3;ESPACOLASER ON;ON;Consumo Cíclico;18,50;0,3%;23,08;14,61;0,06
ESTR4;ESTRELA PN;PN;Consumo Cíclico;69,55;;69,55;24,60;
ETER3;ETERNIT ON;ON;Bens Industriais;18,88;;34,88;4,39;
EUCA3;EUCATEX ON;ON;Materiais Básicos;16,00;2,3%;28,49;15,21;0,37
EUCA4;EUCATEX PN;PN;Materiais Básicos;10,04;4,0%;13,08;5,95;0,40
EURO11;FII EUROPAR;FII;Financeiro e Outros;205,25;9,0%;241,90;182,52;18,44
EURP11;ETF MSCI EUROPA CI;CI;Não Classificado;11,34;;11,60;10,35;
EVBI11;FII VBI CON;CI;Financeiro e Outros;97,80;4,6%;116,27;94,08;4,48
EVEN3;EVEN ON;ON;Consumo Cíclico;8,30;9,1%;12,69;8,09;0,76
EXXO34;EXXON MOBIL DRN;DRN;Petróleo. Gás e Biocombustíveis;69,97;3,3%;88,29;42,19;2,34
EZTC3;EZTEC ON;ON;Consumo Cíclico;26,64;1,6%;45,59;24,17;0,42
FAED11;FII ANH EDUC;FII;Financeiro e Outros;152,00;9,6%;204,86;138,10;14,64
FAMB11B;FII ALMIRANT;FII;Financeiro e Outros;1168,48;3,0%;3181,64;1122,90;34,45
FATN11;FII ATHENA I;FII;Financeiro e Outros;104,00;7,2%;107,00;84,36;7,50
FBOK34;FACEBOOK DRN;DRN;Tecnologia da Informação;71,28;;71,28;44,98;
FCFL11;FII CAMPUSFL;FII;Financeiro e Outros;112,37;6,5%;115,93;99,70;7,25
FCXO34;FREEPORT DRN;DRN;Materiais Básicos;185,47;0,3%;244,58;82,04;0,53
FDMO34;FORD MOTORS DRN;DRN;Consumo Cíclico;67,91;;82,77;36,41;
FDXB34;FEDEX CORP DRN;DRN;Bens Industriais;1394,66;0,5%;1682,37;1210,65;7,16
FESA3;FERBASA ON;ON;Materiais Básicos;54,50;1,8%;64,11;21,19;0,97
FESA4;FERBASA PN;PN;Materiais Básicos;54,75;2,1%;57,20;16,30;1,14
FEXC11;FII EXCELLEN;FII;Financeiro e Outros;90,00;9,0%;98,15;82,29;8,11
FHER3;FER HERINGER ON;ON;Materiais Básicos;23,67;;50,50;2,19;
FIGS11;FII GEN SHOP;FII;Financeiro e Outros;57,08;5,2%;66,59;56,12;2,97
FIIB11;FII INDL BR;FII;Financeiro e Outros;468,00;7,6%;525,68;433,38;35,70
FIIP11B;FII RB CAP I;FII;Financeiro e Outros;181,96;6,3%;206,12;168,55;11,51
FIND11;IT NOW IFNC CI;CI;Não Classificado;110,93;;126,62;88,72;
FIQE3;UNIFIQUE ON;ON;Comunicações;7,53;;9,45;7,45;
FIVN11;FII VIDANOVA;FII;Financeiro e Outros;2,59;;15,59;2,34;
FLCR11;FII FL RECEB;CI;Financeiro e Outros;101,19;6,7%;101,25;88,92;6,75
FLMA11;FII S F LIMA;FII;Financeiro e Outros;130,30;4,0%;152,65;123,75;5,24
FLRP11;FII FLORIPA;FII;Financeiro e Outros;1297,99;4,2%;1361,16;1201,27;53,91
FLRY3;FLEURY ON;ON;Saúde;23,91;3,6%;28,85;22,42;0,86
FMOF11;FII MEMORIAL;FII;Financeiro e Outros;67,53;1,9%;98,84;67,21;1,31
FPAB11;FII A BRANCA;FII;Financeiro e Outros;235,00;7,8%;308,66;227,49;18,30
FRAS3;FRAS-LE ON;ON;Bens Industriais;15,53;2,4%;17,65;4,90;0,37
FRTA3;POMIFRUTAS ON;ON;Consumo não Cíclico;6,05;;11,50;4,30;
FSLR34;FIRST SOLAR DRN;DRN;Bens Industriais;244,80;;315,80;176,05;
FVPQ11;FII V PARQUE;FII;Financeiro e Outros;121,81;3,0%;162,42;117,64;3,71
GALG11;FII GUARDIAN;CI;Financeiro e Outros;106,98;5,5%;111,74;97,13;5,85
GCFF11;FII GALAPAGO;FII;Financeiro e Outros;80,20;11,4%;105,97;77,00;9,17
GCRI11;FII GLPG CRI;FII;Financeiro e Outros;99,96;4,0%;100,08;95,44;3,97
GDBR34;GEN DYNAMICS DRN;DRN;Bens Industriais;1037,92;1,2%;1046,70;739,26;12,21
GEOO34;GE DRN;DRN;Financeiro;536,22;0,2%;666,20;252,67;0,84
GEPA3;GER PARANAP ON;ON;Utilidade Pública;35,04;10,0%;50,83;33,42;3,50
GEPA4;GER PARANAP PN;PN;Utilidade Pública;35,10;10,0%;45,99;32,97;3,50
GFSA3;GAFISA ON;ON;Consumo Cíclico;3,02;;6,13;2,92;
GGBR3;GERDAU ON;ON;Materiais Básicos;23,20;5,9%;30,12;15,19;1,36
GGBR4;GERDAU PN;PN;Materiais Básicos;28,15;4,8%;36,76;18,21;1,36
GGPS3;GPS ON;ON;Bens Industriais;17,75;;20,49;11,66;
GGRC11;FII GGRCOVEP;FII;Financeiro e Outros;116,06;7,0%;141,69;108,82;8,16
GILD34;GILEAD DRN;DRN;Consumo não Cíclico;186,57;2,1%;198,04;147,08;3,90
GMAT3;GRUPO MATEUS ON;ON;Consumo não Cíclico;7,08;;9,52;6,83;
GMCO34;GENERAL MOT DRN;DRN;Consumo Cíclico;63,79;;89,94;39,08;
GNDI3;INTERMEDICA ON;ON;Saúde;80,95;0,4%;102,87;62,47;0,28
GOAU3;GERDAU MET ON;ON;Materiais Básicos;11,43;6,4%;15,37;7,20;0,73
GOAU4;GERDAU MET PN;PN;Materiais Básicos;12,73;5,7%;16,12;8,22;0,73
GOGL34;ALPHABET DRN;DRN;Tecnologia da Informação;100,68;;101,29;51,18;
GOGL35;ALPHABET DRN;DRN;Tecnologia da Informação;101,12;;102,19;51,07;
GOLD11;ETF LBMA OURO CI;CI;Não Classificado;10,07;;10,47;9,28;
GOLL4;GOL PN;PN;Bens Industriais;19,69;;29,04;15,36;
GOVE11;IT NOW IGCT CI;CI;Não Classificado;52,92;;58,66;41,25;
GPAR3;CELGPAR ON;ON;Utilidade Pública;43,00;1,2%;140,62;25,11;0,51
GPIV33;GP INVEST DR3;DR3;Financeiro;5,80;;6,83;3,36;
GPRO34;GOPRO DRN;DRN;Tecnologia da Informação;52,40;;78,36;23,31;
GPSI34;GAP DRN;DRN;Consumo Cíclico;137,91;0,8%;193,50;92,17;1,15
GRND3;GRENDENE ON;ON;Consumo Cíclico;10,85;6,1%;12,61;6,32;0,66
GSFI11;FII GENERAL;FII;Financeiro e Outros;4,82;;5,60;2,40;
GSGI34;GOLDMANSACHS DRN;DRN;Financeiro;214,83;1,0%;219,27;100,89;2,10
GSHP3;GENERALSHOPP ON;ON;Financeiro;38,80;;78,43;38,80;
GTWR11;FII G TOWERS;FII;Financeiro e Outros;94,50;8,6%;111,22;88,58;8,15
GUAR3;GUARARAPES ON;ON;Consumo Cíclico;15,14;2,9%;23,22;11,32;0,44
HAAA11;FII HEDGEAAA;CI;Financeiro e Outros;97,90;4,3%;118,36;93,43;4,21
HABT11;FII HABIT II;FII;Financeiro e Outros;122,46;15,0%;127,64;94,46;18,36
HAGA3;HAGA S/A ON;ON;Bens Industriais;3,46;;5,29;2,73;
HAGA4;HAGA S/A PN;PN;Bens Industriais;2,73;;4,30;1,67;
HALI34;HALLIBURTON DRN;DRN;Petróleo. Gás e Biocombustíveis;101,14;0,7%;143,50;68,18;0,68
HAPV3;HAPVIDA ON;ON;Saúde;14,92;0,5%;18,47;11,95;0,08
HASH11;Hashdex CI;CI;Não Classificado;47,66;;49,14;26,10;
HBOR3;HELBOR ON;ON;Consumo Cíclico;7,21;0,7%;12,73;6,52;0,05
HBRE3;HBR REALTY ON;ON;Financeiro;11,75;;19,99;11,05;
HBRH11;FII MULT REN;FII;Financeiro e Outros;86,08;9,2%;105,97;85,36;7,89
HBSA3;HIDROVIAS ON;ON;Bens Industriais;4,65;;7,72;3,93;
HBTS5;HABITASUL PNA;PNA;Financeiro;56,42;0,3%;81,99;19,90;0,16
HCHG11;FII HECT CRI;CI;Financeiro e Outros;92,00;0,9%;103,45;90,00;0,82
HCRI11;FII CRIANCA;FII;Financeiro e Outros;411,00;8,7%;515,08;369,40;35,77
HCST11;FII HECT DES;CI;Financeiro e Outros;100,46;;105,00;90,16;
HCTR11;FII HECTARE;FII;Financeiro e Outros;123,29;18,1%;133,46;82,44;22,31
HETA3;HERCULES ON;ON;Consumo Cíclico;120,00;;183,02;28,07;
HETA4;HERCULES PN;PN;Consumo Cíclico;14,39;;19,85;6,88;
HFOF11;FII HTOPFOF3;FII;Financeiro e Outros;86,70;9,0%;105,10;85,66;7,76
HGBS11;FII HEDGEBS;FII;Financeiro e Outros;191,74;3,6%;217,28;185,93;6,87
HGCR11;FII CSHG CRI;FII;Financeiro e Outros;102,00;7,7%;105,48;90,10;7,89
HGCR12;FII CSHG CRI;FII;Financeiro e Outros;0,60;;1,49;0,08;
HGFF11;FII CSHG FOF;FII;Financeiro e Outros;78,07;9,2%;95,49;73,60;7,15
HGIC11;FII HGI CRI;CI;Financeiro e Outros;107,00;2,7%;109,99;99,42;2,93
HGLG11;FII CSHG LOG;FII;Financeiro e Outros;161,60;9,2%;173,70;145,19;14,84
HGPO11;FII CSHGPRIM;FII;Financeiro e Outros;223,10;5,7%;227,47;197,90;12,81
HGRE11;FII HG REAL;FII;Financeiro e Outros;131,30;7,1%;149,31;122,62;9,33
HGRU11;FII CSHG URB;FII;Financeiro e Outros;115,49;7,4%;125,87;107,85;8,52
HGTX3;CIA HERING ON;ON;Consumo Cíclico;36,98;0,9%;41,39;13,99;0,33
HLOG11;FII HEDGELOG;FII;Financeiro e Outros;107,28;7,9%;116,27;103,32;8,43
HOME34;HOME DEPOT DRN;DRN;Consumo Cíclico;60,30;1,0%;64,93;45,88;0,62
HONB34;HONEYWELL DRN;DRN;Financeiro;1194,76;0,8%;1307,55;861,35;9,86
HOOT4;HOTEIS OTHON PN;PN;Consumo Cíclico;3,37;;7,00;2,55;
HOSI11;FII HOUSI;FII;Financeiro e Outros;78,23;8,3%;95,47;65,92;6,51
HPDP11;FII HEDGEPDP;FII;Financeiro e Outros;84,39;3,6%;94,10;74,43;3,01
HPQB34;HP COMPANY DRN;DRN;Tecnologia da Informação;152,37;1,4%;190,71;102,28;2,07
HRDF11;FII HREALTY;FII;Financeiro e Outros;1,38;;2,37;1,36;
HREC11;FII HEDGEREC;FII;Financeiro e Outros;98,89;7,1%;101,30;95,22;7,01
HSAF11;FII HSI CRI;FII;Financeiro e Outros;90,10;9,7%;104,40;79,14;8,69
HSLG11;FII HSI LOG;FII;Financeiro e Outros;93,19;4,4%;110,73;92,05;4,06
HSML11;FII HSI MALL;FII;Financeiro e Outros;81,57;6,0%;95,00;77,90;4,85
HSRE11;FII HSIRENDA;CI;Financeiro e Outros;97,39;3,6%;102,25;80,87;3,51
HTMX11;FII HOTEL MX;FII;Financeiro e Outros;100,04;;131,04;98,01;
HUSC11;FII H UNIMED;FII;Financeiro e Outros;116,99;7,6%;162,53;102,91;8,83
HYPE3;HYPERA ON;ON;Saúde;35,03;3,4%;37,60;26,29;1,20
IBCR11;FII BREI;CI;Financeiro e Outros;102,90;2,0%;108,00;99,00;2,10
IBFF11;FII FOF BREI;FII;Financeiro e Outros;65,98;7,9%;81,25;62,60;5,24
IBMB34;IBM DRN;DRN;Tecnologia da Informação;728,99;2,4%;786,02;589,56;17,34
IFCM3;INFRACOMM ON;ON;Tecnologia da Informação;17,99;;24,62;14,17;
IFID11;FII IFI-D;CI;Financeiro e Outros;79,92;4,9%;106,61;79,49;3,90
IFIE11;FII IFI-E;CI;Financeiro e Outros;80,14;4,3%;108,09;79,50;3,47
IGBR3;IGB S/A ON;ON;Financeiro;4,70;;18,83;2,84;
IGTA3;IGUATEMI ON;ON;Financeiro;33,60;0,9%;47,27;28,52;0,28
INEP3;INEPAR ON;ON;Bens Industriais;2,50;;4,07;0,24;
INEP4;INEPAR PN;PN;Bens Industriais;2,48;;4,15;0,24;
INTB3;INTELBRAS ON;ON;Tecnologia da Informação;28,94;0,6%;31,12;16,04;0,16
IRBR3;IRBBRASIL RE ON;ON;Financeiro;5,30;;8,89;5,04;
IRDM11;FII IRIDIUM;FII;Financeiro e Outros;118,00;11,4%;134,06;86,36;13,40
ISUS11;IT NOW ISE CI;CI;Não Classificado;40,19;;44,05;34,02;
ITLC34;INTEL DRN;DRN;Tecnologia da Informação;46,52;1,4%;64,63;38,38;0,63
ITSA3;ITAUSA ON;ON;Financeiro;11,77;2,7%;12,71;9,90;0,31
ITSA4;ITAUSA PN;PN;Financeiro;11,66;2,7%;12,25;8,53;0,31
ITUB3;ITAUUNIBANCO ON;ON;Financeiro;29,12;2,5%;30,00;20,65;0,74
ITUB4;ITAUUNIBANCO PN;PN;Financeiro;31,06;2,4%;34,19;21,85;0,74
IVVB11;ISHARE SP500 CI;CI;Financeiro e Outros;256,49;;263,25;189,21;
JALL3;JALLESMACHAD ON;ON;Consumo não Cíclico;9,45;1,5%;10,77;7,36;0,14
JBDU3;J B DUARTE ON;ON;Outros;2,65;;5,59;0,48;
JBDU4;J B DUARTE PN;PN;Outros;1,69;;4,20;0,29;
JBFO11;FII JBFO FOF;CI;Financeiro e Outros;93,84;1,8%;98,15;92,81;1,67
JBSS3;JBS ON;ON;Consumo não Cíclico;31,17;6,5%;33,79;17,86;2,02
JFEN3;JOAO FORTES ON;ON;Consumo Cíclico;2,43;;7,78;1,85;
JFLL11;FII JFL LIV;FII;Financeiro e Outros;82,54;4,6%;97,25;77,05;3,78
JHSF3;JHSF PART ON;ON;Consumo Cíclico;6,55;4,2%;8,30;5,96;0,28
JNJB34;JOHNSON DRN;DRN;Saúde;60,07;1,2%;65,10;49,64;0,74
JOPA3;JOSAPAR ON;ON;Consumo não Cíclico;35,00;2,5%;43,66;29,18;0,88
JOPA4;JOSAPAR PN;PN;Consumo não Cíclico;46,01;2,1%;73,95;27,35;0,94
JPMC34;JPMORGAN DRN;DRN;Financeiro;83,01;1,2%;93,36;50,27;0,97
JPPA11;FII JPPMOGNO;FII;Financeiro e Outros;96,90;11,1%;99,45;85,54;10,72
JPPC11;FII JPP CAPI;FII;Financeiro e Outros;286,00;24,4%;287,49;286,00;69,65
JPSA3;JEREISSATI ON;ON;Financeiro;29,19;0,4%;37,02;19,64;0,11
JRDM11;FII SHOPJSUL;FII;Financeiro e Outros;66,89;2,6%;77,88;59,95;1,71
JSLG3;JSL ON;ON;Bens Industriais;10,69;1,3%;13,38;7,86;0,13
JSRE11;FII JS REAL;FII;Financeiro e Outros;80,96;7,9%;95,97;78,53;6,42
KEPL3;KEPLER WEBER ON;ON;Bens Industriais;48,04;4,1%;59,37;34,41;1,98
KEVE11;FII EVEN II;FII;Financeiro e Outros;980,00;;1081,00;980,00;
KFOF11;FII KINEAFOF;FII;Financeiro e Outros;84,50;7,8%;108,29;80,50;6,57
KHCB34;KRAFT HEINZ DRN;DRN;Consumo não Cíclico;46,68;3,1%;59,75;38,83;1,43
KINP11;FII EV KINEA;FII;Financeiro e Outros;13,00;22,4%;14,00;10,89;2,91
KISU11;FII KILIMA;CI;Financeiro e Outros;8,69;5,2%;12,91;7,97;0,45
KLBN11;KLABIN S/A UNT;UNT;Materiais Básicos;26,14;;31,41;22,58;
KLBN3;KLABIN S/A ON;ON;Materiais Básicos;6,39;;6,96;4,65;
KLBN4;KLABIN S/A PN;PN;Materiais Básicos;4,93;;6,23;4,45;
KMBB34;KIMBERLY CL DRN;DRN;Consumo não Cíclico;721,36;1,7%;874,03;644,15;11,99
KNCR11;FII KINEA RI;FII;Financeiro e Outros;96,00;4,2%;96,58;82,45;4,02
KNHY11;FII KINEA HY;FII;Financeiro e Outros;107,05;12,5%;110,89;94,80;13,39
KNIP11;FII KINEA IP;FII;Financeiro e Outros;106,75;12,2%;111,19;96,79;13,01
KNRE11;FII KII REAL;FII;Financeiro e Outros;2,16;24,7%;2,94;2,01;0,53
KNRI11;FII KINEA;FII;Financeiro e Outros;141,17;5,7%;159,62;128,06;8,08
KNSC11;FII KINEA SC;CI;Financeiro e Outros;97,30;9,5%;101,58;79,40;9,21
KRSA3;KORA SAUDE ON;ON;Saúde;7,60;;9,46;6,79;
LAME3;LOJAS AMERIC ON;ON;Consumo Cíclico;5,89;1,5%;11,09;4,94;0,09
LAME4;LOJAS AMERIC PN;PN;Consumo Cíclico;6,14;1,5%;13,51;5,18;0,09
LAME98;LOJAS AMERIC UNT;UNT;Consumo Cíclico;;;;;
LAME99;LOJAS AMERIC UNT;UNT;Consumo Cíclico;;;;;
LAND3;TERRASANTAPA ON;ON;Consumo não Cíclico;16,97;;17,00;13,30;
LASC11;FII LEGATUS;FII;Financeiro e Outros;94,00;5,8%;99,69;82,34;5,41
LATR11B;FII LATERES;FII;Financeiro e Outros;120,00;18,0%;228,12;120,00;21,55
LAVV3;LAVVI ON;ON;Consumo Cíclico;6,30;1,6%;9,34;6,07;0,10
LBRN34;BATHBODY DRN;DRN;Consumo Cíclico;120,01;0,1%;120,01;38,61;0,13
LCAM3;LOCAMERICA ON;ON;Consumo Cíclico;24,54;1,5%;30,42;20,03;0,36
LEVE3;METAL LEVE ON;ON;Consumo Cíclico;40,50;2,3%;41,44;16,08;0,93
LFTT11;FII LOFT II;FII;Financeiro e Outros;105,00;8,5%;111,00;86,86;8,88
LGCP11;FII LGCP INT;FII;Financeiro e Outros;87,78;6,9%;103,95;81,50;6,01
LIGT3;LIGHT S/A ON;ON;Utilidade Pública;14,88;3,0%;24,58;13,56;0,44
LILY34;LILLY DRN;DRN;Saúde;665,32;0,7%;750,00;371,72;4,43
LINX3;LINX ON;ON;Tecnologia da Informação;37,40;1,5%;38,55;33,23;0,57
LIPR3;ELETROPAR ON;ON;Utilidade Pública;70,00;2,9%;76,28;60,01;2,02
LJQQ3;QUERO-QUERO ON;ON;Consumo Cíclico;19,40;0,4%;25,34;13,80;0,09
LLBI3;LE BISCUIT ON;ON;Consumo Cíclico;;;;;
LLBI4;LE BISCUIT PN;PN;Consumo Cíclico;;;;;
LLIS3;LE LIS BLANC ON;ON;Consumo Cíclico;2,73;;5,97;2,68;
LMTB34;LOCKHEED DRN;DRN;Bens Industriais;1846,77;2,9%;2205,55;1715,36;54,18
LOFT13B;FII LOFT I;FII;Financeiro e Outros;47,15;148,6%;65,00;45,01;70,06
LOGG3;LOG COM PROP ON;ON;Financeiro;27,51;1,2%;37,62;24,72;0,33
LOGN3;LOG-IN ON;ON;Bens Industriais;15,57;;21,09;12,79;
LPSB3;LOPES BRASIL ON;ON;Financeiro;3,90;;6,15;3,07;
LREN3;LOJAS RENNER ON;ON;Consumo Cíclico;37,50;1,0%;49,61;35,60;0,37
LUGG11;FII LUGGO;FII;Financeiro e Outros;92,60;6,3%;101,72;87,49;5,85
LUPA3;LUPATECH ON;ON;Petróleo. Gás e Biocombustíveis;5,36;;11,80;1,81;
LUXM4;TREVISA PN;PN;Bens Industriais;80,98;2,0%;80,99;42,41;1,64
LVBI11;FII VBI LOG;FII;Financeiro e Outros;102,20;6,0%;122,96;98,61;6,10
LVTC3;WDC NETWORKS ON;ON;Tecnologia da Informação;25,48;;27,30;19,07;
LWSA3;LOCAWEB ON;ON;Tecnologia da Informação;24,81;0,1%;34,95;13,51;0,03
MACY34;MACY S DRN;DRN;Consumo Cíclico;117,12;;124,18;31,83;
MALL11;FII MALLS BP;FII;Financeiro e Outros;94,24;6,6%;102,51;82,28;6,20
MATB11;IT NOW IMAT CI;CI;Não Classificado;64,33;;76,03;38,38;
MATD3;MATER DEI ON;ON;Saúde;21,30;;21,79;15,03;
MAXR11;FII MAX RET;FII;Financeiro e Outros;87,80;8,9%;102,14;77,81;7,81
MBLY3;MOBLY ON;ON;Tecnologia da Informação;10,30;;28,38;10,30;
MBRF11;FII MERC BR;FII;Financeiro e Outros;826,00;10,7%;1195,08;741,95;88,65
MCCI11;FII MAUA;FII;Financeiro e Outros;103,57;8,4%;103,90;90,23;8,70
MCDC34;MCDONALDS DRN;DRN;Consumo Cíclico;61,80;1,5%;66,49;51,89;0,95
MCHF11;FII MAUA HF;FII;Financeiro e Outros;10,03;1,0%;11,12;9,50;0,10
MCHY11;FII MAUA HY;CI;Financeiro e Outros;120,00;2,3%;120,00;120,00;2,80
MDIA3;M.DIASBRANCO ON;ON;Consumo não Cíclico;32,52;1,7%;37,99;25,05;0,56
MDLZ34;MONDELEZ INT DRN;DRN;Consumo não Cíclico;161,97;1,1%;173,58;143,50;1,69
MDNE3;MOURA DUBEUX ON;ON;Consumo Cíclico;8,68;;12,25;7,15;
MDTC34;MEDTRONIC DRN;DRN;Consumo não Cíclico;348,95;1,0%;373,31;290,42;3,58
MEAL3;IMC S/A ON;ON;Consumo Cíclico;3,58;;5,07;2,75;
MELI34;MERCADOLIBRE DRN;DRN;Não Classificado;82,00;;82,50;54,52;
MELK3;MELNICK ON;ON;Consumo Cíclico;4,67;0,1%;8,70;4,64;0,01
MERC3;MERC FINANC ON;ON;Financeiro;25,67;;42,92;18,13;
MERC4;MERC FINANC PN;PN;Financeiro;10,43;5,6%;15,52;10,26;0,58
METB34;METLIFE INC DRN;DRN;Financeiro;323,11;1,6%;349,99;192,02;5,03
MFAI11;FII MERITOFA;FII;Financeiro e Outros;80,00;13,7%;177,45;78,44;10,99
MFII11;FII MERITO I;FII;Financeiro e Outros;112,99;10,6%;124,64;98,09;11,95
MGCR11;FII MOGNO HG;CI;Financeiro e Outros;91,25;63,0%;102,72;82,11;57,50
MGEL4;MANGELS INDL PN;PN;Materiais Básicos;16,86;;28,00;5,17;
MGFF11;FII MOGNO;FII;Financeiro e Outros;70,77;9,6%;89,09;65,35;6,80
MGHT11;FII MOGNO HT;FII;Financeiro e Outros;95,00;7,8%;101,30;83,06;7,39
MGLG11;FII MOGNO LG;CI;Financeiro e Outros;99,99;0,9%;101,00;99,98;0,90
MGLU3;MAGAZ LUIZA ON;ON;Consumo Cíclico;18,68;0,2%;28,32;18,07;0,04
MILS3;MILLS ON;ON;Bens Industriais;7,30;1,4%;9,30;4,74;0,10
MINT11;FII MINT EDU;CI;Financeiro e Outros;103,00;;135,00;97,00;
MLAS3;MULTILASER ON;ON;Tecnologia da Informação;9,18;;13,28;8,15;
MMMC34;3M DRN;DRN;Financeiro;250,05;2,1%;285,23;213,78;5,30
MNDL3;MUNDIAL ON;ON;Consumo Cíclico;63,38;;69,00;22,00;
MNPR3;MINUPAR ON;ON;Consumo não Cíclico;11,07;;26,02;5,32;
MODL11;MODALMAIS UNT;UNT;Financeiro;18,50;0,4%;19,88;14,03;0,06
MODL3;MODALMAIS ON;ON;Financeiro;7,49;0,3%;13,32;5,70;0,02
MODL4;MODALMAIS PN;PN;Financeiro;5,49;0,4%;7,50;4,10;0,02
MORE11;FII MORE RE;FII;Financeiro e Outros;79,00;11,1%;111,96;75,11;8,79
MOSC34;MOSAIC CO DRN;DRN;Materiais Básicos;82,48;0,4%;99,97;45,76;0,31
MOSI3;MOSAICO ON;ON;Tecnologia da Informação;12,46;0,0%;46,01;9,51;0,00
MOVI3;MOVIDA ON;ON;Consumo Cíclico;18,72;1,7%;23,49;15,14;0,32
MRCK34;MERCK DRN;DRN;Saúde;49,26;1,7%;56,30;45,84;0,86
MRFG3;MARFRIG ON;ON;Consumo não Cíclico;21,49;1,0%;21,54;12,27;0,20
MRSA3B;MRS LOGIST ON;ON;Bens Industriais;35,70;1,8%;53,63;28,55;0,62
MRVE3;MRV ON;ON;Consumo Cíclico;13,62;6,0%;20,71;12,30;0,82
MSBR34;MORGAN STAN DRN;DRN;Financeiro;108,09;1,8%;110,82;51,69;1,96
MSCD34;MASTERCARD DRN;DRN;Financeiro;58,53;0,3%;72,70;52,78;0,15
MSFT34;MICROSOFT DRN;DRN;Tecnologia da Informação;65,46;0,5%;69,39;43,71;0,34
MTIG4;METAL IGUACU PN;PN;Materiais Básicos;42,00;;108,96;37,00;
MTRE3;MITRE REALTY ON;ON;Consumo Cíclico;9,32;4,8%;16,58;9,18;0,45
MTSA3;METISA ON;ON;Bens Industriais;64,50;2,0%;64,50;59,75;1,30
MTSA4;METISA PN;PN;Bens Industriais;44,40;4,1%;54,80;23,61;1,82
MULT3;MULTIPLAN ON;ON;Financeiro;20,87;2,2%;28,37;18,04;0,46
MWET3;WETZEL S/A ON;ON;Bens Industriais;41,00;;70,00;35,16;
MWET4;WETZEL S/A PN;PN;Bens Industriais;20,20;;48,00;5,14;
MXRF11;FII MAXI REN;FII;Financeiro e Outros;9,96;8,6%;10,29;9,28;0,86
MYPK3;IOCHP-MAXION ON;ON;Consumo Cíclico;15,65;;17,75;11,24;
NASD11;ETF NASDAQ 100 CI;CI;Não Classificado;11,30;;11,54;9,76;
NAVT11;FII NAVI TOT;FII;Financeiro e Outros;79,47;3,0%;96,88;75,07;2,40
NCHB11;FII NCH BRA;FII;Financeiro e Outros;95,78;10,4%;103,35;72,96;9,97
NEOE3;NEOENERGIA ON;ON;Utilidade Pública;16,91;3,1%;19,07;14,65;0,53
NEWL11;FII NEWPORT;FII;Financeiro e Outros;101,11;11,4%;106,59;89,14;11,53
NEWU11;FII NEWRU;FII;Financeiro e Outros;35,26;;45,40;34,29;
NFLX34;NETFLIX DRN;DRN;Comunicações;60,37;;64,46;48,81;
NGRD3;NEOGRID ON;ON;Tecnologia da Informação;5,65;0,2%;12,36;4,40;0,01
NIKE34;NIKE DRN;DRN;Consumo Cíclico;84,88;0,5%;91,79;60,24;0,39
NINJ3;GETNINJAS ON;ON;Tecnologia da Informação;16,86;;29,00;11,15;
NORD3;NORDON MET ON;ON;Bens Industriais;15,00;;59,43;4,42;
NPAR11;FII NESTPAR;FII;Financeiro e Outros;15,69;175,0%;56,14;8,82;27,46
NSLU11;FII LOURDES;FII;Financeiro e Outros;234,00;9,3%;277,58;209,10;21,80
NTCO3;NATURA ON;ON;Consumo não Cíclico;52,62;;61,29;44,40;
NVDC34;NVIDIA CORP DRN;DRN;Não Classificado;24,26;0,0%;25,50;23,60;0,01
NVHO11;FII NOVOHORI;FII;Financeiro e Outros;11,90;8,8%;23,19;10,15;1,05
ODPV3;ODONTOPREV ON;ON;Saúde;12,80;4,8%;14,96;11,26;0,61
OFSA3;OUROFINO S/A ON;ON;Saúde;27,50;2,2%;42,00;25,83;0,61
OIBR3;OI ON;ON;Comunicações;1,02;;2,57;0,95;
OIBR4;OI PN;PN;Comunicações;1,71;;3,74;1,68;
OMGE3;OMEGA GER ON;ON;Utilidade Pública;34,98;;43,61;32,04;
ONCO3;ONCOCLINICAS ON;ON;Saúde;17,20;;19,62;14,70;
ONEF11;FII THE ONE;FII;Financeiro e Outros;143,07;5,5%;148,00;126,67;7,84
OPCT3;OCEANPACT ON;ON;Petróleo. Gás e Biocombustíveis;4,87;;11,42;3,75;
ORCL34;ORACLE DRN;DRN;Tecnologia da Informação;77,36;0,7%;80,88;50,99;0,53
ORVR3;ORIZON ON;ON;Utilidade Pública;29,31;;31,83;19,25;
OSXB3;OSX BRASIL ON;ON;Petróleo. Gás e Biocombustíveis;8,59;;45,41;4,39;
OUFF11;FII OURI FOF;FII;Financeiro e Outros;74,75;9,9%;83,73;70,78;7,36
OUJP11;FII OURI JPP;FII;Financeiro e Outros;86,80;10,1%;104,09;85,20;8,77
OULG11;FII OURILOG;FII;Financeiro e Outros;65,45;10,0%;86,81;63,10;6,51
OURE11;FII OU RENDA;FII;Financeiro e Outros;86,73;8,0%;90,29;81,38;6,95
OURE12;FII OU RENDA;FII;Financeiro e Outros;0,02;;0,68;0,02;
PABY11;FII PANAMBY;FII;Financeiro e Outros;12,33;;19,58;10,87;
PARD3;IHPARDINI ON;ON;Saúde;24,65;1,4%;26,46;17,81;0,33
PASS3;COMPASS ON;ON;Utilidade Pública;;;;;
PASS5;COMPASS PNA;PNA;Utilidade Pública;;;;;
PATC11;FII PATRIA;FII;Financeiro e Outros;62,89;6,7%;73,93;62,46;4,19
PATI3;PANATLANTICA ON;ON;Materiais Básicos;85,00;2,4%;86,02;16,50;2,03
PATI4;PANATLANTICA PN;PN;Materiais Básicos;70,00;2,6%;91,60;19,77;1,81
PATL11;FII PATR LOG;FII;Financeiro e Outros;73,50;8,3%;92,58;71,45;6,06
PCAR3;P.ACUCAR-CBD ON;ON;Consumo não Cíclico;27,85;7,8%;71,17;16,58;2,18
PDGR3;PDG REALT ON;ON;Consumo Cíclico;2,29;;8,76;2,29;
PDTC3;PADTEC ON;ON;Financeiro;6,30;;10,52;3,81;
PEAB3;PAR AL BAHIA ON;ON;Financeiro;68,30;44,4%;80,00;39,33;30,34
PEAB4;PAR AL BAHIA PN;PN;Financeiro;67,45;49,5%;90,02;41,12;33,38
PEMA11;FII PERFORMA;FII;Financeiro e Outros;65,00;6,2%;86,56;46,21;4,03
PEPB34;PEPSICO INC DRN;DRN;Consumo não Cíclico;54,45;1,4%;58,44;46,00;0,74
PETR3;PETROBRAS ON;ON;Petróleo. Gás e Biocombustíveis;27,77;8,7%;29,52;16,20;2,40
PETR4;PETROBRAS PN;PN;Petróleo. Gás e Biocombustíveis;27,04;8,9%;29,03;16,22;2,40
PETZ3;PETZ ON;ON;Consumo Cíclico;25,66;0,2%;28,78;13,78;0,05
PFIZ34;PFIZER DRN;DRN;Saúde;59,72;1,7%;69,25;43,25;1,02
PFRM3;PROFARMA ON;ON;Saúde;5,95;;7,25;4,34;
PGCO34;PG DRN;DRN;Consumo não Cíclico;53,36;1,3%;58,11;46,30;0,67
PGMN3;PAGUE MENOS ON;ON;Saúde;12,35;;13,74;7,97;
PHMO34;PHILIPMORRIS DRN;DRN;Consumo não Cíclico;265,00;3,5%;277,83;192,36;9,33
PIBB11;IT NOW PIBB CI;CI;Não Classificado;206,40;;227,52;156,24;
PINE4;PINE PN;PN;Financeiro;2,26;;3,58;1,95;
PLAS3;PLASCAR PART ON;ON;Consumo Cíclico;13,05;;19,50;4,00;
PLCR11;FII PLURAL R;FII;Financeiro e Outros;91,50;9,9%;94,25;72,45;9,06
PLOG11;FII PLURAL L;CI;Financeiro e Outros;82,00;3,4%;93,90;78,81;2,77
PLPL3;PLANOEPLANO ON;ON;Consumo Cíclico;4,19;4,7%;9,93;3,73;0,20
PLRI11;FII POLO I;FII;Financeiro e Outros;46,00;37,0%;49,00;26,46;17,03
PMAM3;PARANAPANEMA ON;ON;Materiais Básicos;13,00;;24,92;8,42;
PNVL3;DIMED ON;ON;Saúde;17,20;1,0%;27,21;16,81;0,18
PNVL4;DIMED PN;PN;Saúde;18,62;0,8%;23,75;16,24;0,15
POMO3;MARCOPOLO ON;ON;Bens Industriais;2,50;3,6%;3,34;2,19;0,09
POMO4;MARCOPOLO PN;PN;Bens Industriais;2,74;3,3%;3,65;2,31;0,09
PORD11;FII POLO CRI;FII;Financeiro e Outros;93,77;11,6%;101,14;88,36;10,84
POSI3;POSITIVO TEC ON;ON;Tecnologia da Informação;14,76;2,3%;16,15;3,71;0,34
POWE3;FOCUS ON ON;ON;Utilidade Pública;14,45;0,4%;18,37;11,87;0,05
PPLA11;PPLA UNT;UNT;Financeiro;6,63;;19,31;6,51;
PQAG11;FII PARQ ANH;FII;Financeiro e Outros;63,80;6,7%;68,26;55,37;4,29
PQDP11;FII D PEDRO;FII;Financeiro e Outros;2140,00;4,6%;3040,07;2028,92;97,46
PRIO3;PETRORIO ON;ON;Petróleo. Gás e Biocombustíveis;18,63;;21,99;6,14;
PRNR3;PRINER ON;ON;Bens Industriais;8,10;;10,78;6,70;
PRSN11B;FII PERSONAL;FII;Financeiro e Outros;0,63;10,2%;1,84;0,47;0,06
PRSV11;FII P VARGAS;FII;Financeiro e Outros;131,50;36,4%;196,39;120,23;47,80
PSSA3;PORTO SEGURO ON;ON;Financeiro;56,54;5,1%;59,37;39,70;2,89
PSVM11;PORTO VM TPR;TPR;Bens Industriais;5,53;;10,21;2,76;
PTBL3;PORTOBELLO ON;ON;Bens Industriais;14,34;3,0%;19,77;4,61;0,42
PTNT3;PETTENATI ON;ON;Consumo Cíclico;13,70;;17,66;4,74;
PTNT4;PETTENATI PN;PN;Consumo Cíclico;5,90;;8,50;4,22;
PVBI11;FII VBI PRI;FII;Financeiro e Outros;93,50;5,9%;97,75;86,95;5,54
PYPL34;PAYPAL HOLD DRN;DRN;Tecnologia da Informação;75,30;;81,13;61,52;
QAGR11;FII QUASAR A;FII;Financeiro e Outros;50,42;24,2%;54,95;44,88;12,19
QAMI11;FII QUASAR C;FII;Financeiro e Outros;94,29;3,2%;105,89;87,00;3,05
QBTC11;QR BITCOIN CI;CI;Não Classificado;16,00;;17,24;9,77;
QCOM34;QUALCOMM DRN;DRN;Tecnologia da Informação;63,37;1,0%;76,26;48,57;0,62
QIFF11;FII QUATA;FII;Financeiro e Outros;97,49;5,9%;119,09;83,10;5,79
QUAL3;QUALICORP ON;ON;Saúde;22,13;10,7%;33,49;18,46;2,36
RADL3;RAIADROGASIL ON;ON;Saúde;26,26;0,4%;28,73;21,41;0,12
RAIL3;RUMO S.A. ON;ON;Bens Industriais;19,35;;23,03;17,40;
RAIZ4;RAIZEN PN;PN;Consumo não Cíclico;7,07;;7,60;6,42;
RANI3;IRANI ON;ON;Materiais Básicos;7,03;3,9%;9,76;3,93;0,28
RAPT3;RANDON PART ON;ON;Bens Industriais;13,30;4,9%;13,94;8,45;0,65
RAPT4;RANDON PART PN;PN;Bens Industriais;11,44;5,7%;16,18;10,37;0,65
RBBV11;FII JHSF FBV;FII;Financeiro e Outros;100,00;29,7%;101,00;54,84;29,74
RBCO11;FII R INCOME;FII;Financeiro e Outros;51,94;12,1%;85,94;50,00;6,29
RBDS11;FII RBRESID2;FII;Financeiro e Outros;15,00;15,7%;30,95;13,32;2,35
RBED11;FII RIOB ED;FII;Financeiro e Outros;137,52;8,9%;154,43;132,06;12,23
RBFF11;FII RIOB FF;FII;Financeiro e Outros;58,90;12,0%;71,25;56,08;7,06
RBGS11;FII RB GSB I;FII;Financeiro e Outros;35,75;5,3%;40,24;32,42;1,89
RBHY11;FII RB YIELD;FII;Financeiro e Outros;99,82;4,7%;104,73;93,67;4,65
RBHY12;FII RB YIELD;FII;Financeiro e Outros;0,25;;1,02;0,23;
RBIR11;FII RBRES IV;FII;Financeiro e Outros;74,50;;87,78;72,00;
RBIV11;FII RBCRI IV;FII;Financeiro e Outros;83,18;9,0%;86,57;72,03;7,46
RBLG11;FII RBCAP LG;FII;Financeiro e Outros;100,99;2,1%;107,83;94,39;2,09
RBRD11;FII RB II;FII;Financeiro e Outros;49,90;7,7%;84,06;47,41;3,82
RBRF11;FII RBRALPHA;FII;Financeiro e Outros;81,90;9,7%;95,51;72,02;7,91
RBRL11;FII RBR LOG;FII;Financeiro e Outros;102,90;7,7%;110,07;95,98;7,92
RBRP11;FII RBR PROP;FII;Financeiro e Outros;76,69;7,4%;94,26;71,31;5,66
RBRR11;FII RBRHGRAD;FII;Financeiro e Outros;98,70;7,9%;101,68;84,88;7,80
RBRS11;FII RIOB RR;CI;Financeiro e Outros;71,20;4,6%;108,32;67,00;3,24
RBRY11;FII RBR PCRI;FII;Financeiro e Outros;99,49;9,0%;108,14;91,49;9,00
RBVA11;FII RIOB VA;FII;Financeiro e Outros;109,89;10,0%;114,01;99,98;10,99
RBVO11;FII RIOBCRI2;FII;Financeiro e Outros;13,22;37,1%;18,39;11,05;4,91
RCFA11;FII GP RCFA;FII;Financeiro e Outros;0,66;;2,35;0,52;
RCFF11;FII RBR FEED;FII;Financeiro e Outros;94,01;5,3%;118,35;85,67;5,01
RCRB11;FII RIOB RC;FII;Financeiro e Outros;142,23;6,8%;170,15;130,99;9,70
RCSL3;RECRUSUL ON;ON;Bens Industriais;5,60;;15,62;1,83;
RCSL4;RECRUSUL PN;PN;Bens Industriais;1,51;;2,67;1,21;
RDNI3;RNI ON;ON;Consumo Cíclico;12,10;0,1%;13,04;7,98;0,01
RDOR3;REDE D OR ON;ON;Saúde;68,00;0,4%;77,30;59,55;0,29
RDPD11;FII BB PAPII;FII;Financeiro e Outros;68,16;12,6%;84,06;48,53;8,59
RECR11;FII REC RECE;FII;Financeiro e Outros;105,95;13,4%;107,50;79,01;14,21
RECT11;FII REC REND;FII;Financeiro e Outros;76,25;10,4%;90,93;69,05;7,94
RECV3;PETRORECSA ON;ON;Petróleo. Gás e Biocombustíveis;16,85;;20,80;14,33;
RECX11;FII REC FOF;CI;Financeiro e Outros;101,00;3,6%;104,70;86,06;3,64
REDE3;REDE ENERGIA ON;ON;Utilidade Pública;6,85;11,6%;10,85;6,71;0,79
RELG11;FII REC LOG;CI;Financeiro e Outros;88,90;95,9%;113,18;82,38;85,27
RENT3;LOCALIZA ON;ON;Consumo Cíclico;54,97;0,7%;73,45;48,25;0,38
RFOF11;FII RB CFOF;FII;Financeiro e Outros;78,00;9,8%;88,84;71,84;7,64
RIGG34;TRANSOCEAN DRN;DRN;Petróleo. Gás e Biocombustíveis;18,03;;26,91;3,71;
RMAI11;FII REAGMULT;FII;Financeiro e Outros;35,40;;49,80;30,00;
RNDP11;FII BB R PAP;FII;Financeiro e Outros;695,00;86,6%;733,07;523,89;601,55
RNEW11;RENOVA UNT;UNT;Utilidade Pública;10,00;;29,35;8,12;
RNEW3;RENOVA ON;ON;Utilidade Pública;3,68;;10,52;2,77;
RNEW4;RENOVA PN;PN;Utilidade Pública;3,11;;9,80;2,55;
RNGO11;FII RIONEGRO;FII;Financeiro e Outros;57,79;8,1%;71,11;56,65;4,66
ROMI3;INDS ROMI ON;ON;Bens Industriais;21,61;9,1%;38,52;8,36;1,96
ROST34;ROSS STORES DRN;DRN;Consumo Cíclico;303,73;0,4%;369,72;246,94;1,06
RPAD3;ALFA HOLDING ON;ON;Financeiro;7,13;;14,70;5,75;
RPAD5;ALFA HOLDING PNA;PNA;Financeiro;8,55;6,4%;10,28;7,97;0,55
RPAD6;ALFA HOLDING PNB;PNB;Financeiro;5,40;;7,69;5,00;
RPMG3;PET MANGUINH ON;ON;Petróleo. Gás e Biocombustíveis;3,65;;7,87;2,52;
RRCI11;FII RBCAP RI;FII;Financeiro e Outros;78,73;5,9%;94,55;73,23;4,66
RRRP3;3R PETROLEUM ON;ON;Petróleo. Gás e Biocombustíveis;37,46;;51,11;20,19;
RSID3;ROSSI RESID ON;ON;Consumo Cíclico;10,10;;15,08;4,81;
RSPD11;FII RBRESID3;FII;Financeiro e Outros;1100,00;;1600,00;1055,00;
RSUL4;RIOSULENSE PN;PN;Bens Industriais;91,98;;99,32;18,09;
RVBI11;FII VBI REIT;FII;Financeiro e Outros;89,10;9,2%;96,92;77,78;8,15
RYTT34;RAYTHEONTECH DRN;DRN;Bens Industriais;72,75;1,2%;78,31;51,64;0,87
RZAK11;FII RIZA AKN;FII;Financeiro e Outros;94,10;4,5%;100,15;84,55;4,25
RZTR11;FII RIZA TX;FII;Financeiro e Outros;97,28;8,0%;106,21;88,62;7,79
SADI11;FII SANT PAP;FII;Financeiro e Outros;82,47;3,3%;87,73;73,50;2,69
SANB11;SANTANDER BR UNT;UNT;Financeiro;41,66;5,5%;45,89;25,03;2,30
SANB3;SANTANDER BR ON;ON;Financeiro;20,46;5,4%;22,02;11,80;1,10
SANB4;SANTANDER BR PN;PN;Financeiro;21,13;5,7%;24,02;13,28;1,20
SAPR11;SANEPAR UNT;UNT;Utilidade Pública;19,27;5,2%;28,00;18,43;0,99
SAPR3;SANEPAR ON;ON;Utilidade Pública;3,74;4,9%;6,77;3,63;0,18
SAPR4;SANEPAR PN;PN;Utilidade Pública;3,92;5,2%;5,53;3,71;0,20
SARE11;FII SANT REN;FII;Financeiro e Outros;83,50;6,2%;101,56;76,00;5,19
SBFG3;GRUPO SBF ON;ON;Consumo Cíclico;33,65;;40,88;25,34;
SBSP3;SABESP ON;ON;Utilidade Pública;36,46;1,1%;50,54;31,25;0,40
SBUB34;STARBUCKS DRN;DRN;Consumo Cíclico;608,78;0,8%;680,41;454,32;4,69
SCAR3;SAO CARLOS ON;ON;Financeiro;39,99;0,9%;48,88;30,70;0,37
SCHW34;SCHWAB DRN;DRN;Financeiro;95,07;0,5%;99,98;46,80;0,50
SCPF11;FII SCP;FII;Financeiro e Outros;8,93;2,3%;10,81;8,27;0,21
SDIL11;FII SDI LOG;FII;Financeiro e Outros;89,00;8,0%;100,83;85,77;7,11
SEER3;SER EDUCA ON;ON;Consumo Cíclico;13,21;2,8%;19,50;10,76;0,37
SEQL3;SEQUOIA LOG ON;ON;Bens Industriais;19,82;;32,00;11,99;
SEQR11;FII SEQUOIA;CI;Financeiro e Outros;80,48;5,1%;98,35;67,45;4,06
SGPS3;SPRINGS ON;ON;Consumo Cíclico;8,12;;15,69;5,85;
SHOW3;TIME FOR FUN ON;ON;Consumo Cíclico;5,38;;8,00;2,11;
SHPH11;FII HIGIENOP;FII;Financeiro e Outros;804,54;3,9%;948,77;754,19;31,29
SHUL4;SCHULZ PN;PN;Bens Industriais;9,91;2,1%;11,76;5,58;0,21
SIMH3;SIMPAR ON;ON;Financeiro;14,87;0,6%;17,89;6,18;0,09
SJAU11;FII SJ AU;FII;Financeiro e Outros;119,66;;131,88;115,06;
SLBG34;SCHLUMBERGER DRN;DRN;Petróleo. Gás e Biocombustíveis;73,92;1,8%;90,68;42,38;1,32
SLCE3;SLC AGRICOLA ON;ON;Consumo não Cíclico;46,20;2,7%;56,77;23,58;1,26
SLED3;SARAIVA LIVR ON;ON;Consumo Cíclico;0,89;;2,07;0,63;
SLED4;SARAIVA LIVR PN;PN;Consumo Cíclico;0,50;;0,91;0,48;
SMAL11;ISHARES SMAL CI;CI;Não Classificado;135,90;;154,95;105,84;
SMTO3;SAO MARTINHO ON;ON;Consumo não Cíclico;32,84;3,7%;39,38;20,12;1,21
SNEC34;SONY GROUP DRN;DRN;Não Classificado;543,78;;554,40;476,28;
SNFF11;FII SUNOFOFI;FII;Financeiro e Outros;94,50;1,1%;103,62;90,00;1,08
SNSY3;SANSUY ON;ON;Materiais Básicos;13,30;;48,40;13,30;
SNSY5;SANSUY PNA;PNA;Materiais Básicos;5,10;;9,70;4,87;
SOJA3;BOA SAFRA ON;ON;Consumo não Cíclico;13,91;;17,96;12,86;
SOMA3;GRUPO SOMA ON;ON;Consumo Cíclico;17,46;;20,30;8,64;
SOND5;SONDOTECNICA PNA;PNA;Bens Industriais;36,51;23,3%;63,97;36,38;8,52
SOND6;SONDOTECNICA PNB;PNB;Bens Industriais;39,00;21,8%;50,06;31,06;8,52
SPTW11;FII SP DOWNT;FII;Financeiro e Outros;55,70;54,0%;61,42;42,60;30,07
SPXI11;IT NOW SPXI;CI;Não Classificado;249,22;;257,25;184,13;
SQIA3;SINQIA ON;ON;Tecnologia da Informação;24,00;0,1%;31,30;19,32;0,02
SSFO34;SALESFORCE DRN;DRN;Tecnologia da Informação;63,35;;68,39;49,19;
STBP3;SANTOS BRP ON;ON;Bens Industriais;7,73;;9,99;3,78;
SULA11;SUL AMERICA UNT;UNT;Financeiro;28,57;4,1%;42,58;27,64;1,17
SULA3;SUL AMERICA ON;ON;Financeiro;10,40;3,8%;17,38;9,86;0,39
SULA4;SUL AMERICA PN;PN;Financeiro;9,23;4,2%;13,46;8,90;0,39
SUZB3;SUZANO S.A. ON;ON;Materiais Básicos;61,20;;80,04;45,02;
TAEE11;TAESA UNT;UNT;Utilidade Pública;38,11;11,8%;40,97;24,57;4,50
TAEE3;TAESA ON;ON;Utilidade Pública;12,83;11,7%;13,65;8,18;1,50
TAEE4;TAESA PN;PN;Utilidade Pública;12,73;11,8%;13,92;8,12;1,50
TASA3;TAURUS ARMAS ON;ON;Bens Industriais;22,90;;29,59;5,89;
TASA4;TAURUS ARMAS ON;ON;Bens Industriais;21,99;;29,75;6,47;
TCIN11;FII TOUR V;CI;Financeiro e Outros;109,60;;117,17;100,00;
TCIN12;FII TOUR V;CI;Financeiro e Outros;103,00;;103,00;58,71;
TCNO3;TECNOSOLO ON;ON;Bens Industriais;3,63;;9,07;1,63;
TCNO4;TECNOSOLO PN;PN;Bens Industriais;2,97;;7,69;1,25;
TCSA3;TECNISA ON;ON;Consumo Cíclico;5,82;;12,09;5,80;
TECK11;IT Now CI;CI;Não Classificado;51,26;;52,28;47,00;
TECN3;TECHNOS ON;ON;Consumo Cíclico;3,72;;3,87;0,93;
TEKA3;TEKA ON;ON;Consumo Cíclico;33,05;;132,28;20,33;
TEKA4;TEKA PN;PN;Consumo Cíclico;16,56;;32,45;8,55;
TELB3;TELEBRAS ON;ON;Comunicações;59,20;;143,67;58,50;
TELB4;TELEBRAS PN;PN;Comunicações;24,80;;38,98;23,95;
TEND3;TENDA ON;ON;Consumo Cíclico;20,05;2,4%;31,26;19,55;0,49
TEPP11;FII TEL PROP;FII;Financeiro e Outros;72,15;7,8%;93,42;70,93;5,61
TESA3;TERRA SANTA ON;ON;Consumo não Cíclico;48,00;;51,92;16,37;
TEXA34;TEXAS INC DRN;DRN;Tecnologia da Informação;65,10;6,0%;74,40;44,72;3,93
TFCO4;TRACK FIELD PN;PN;Consumo Cíclico;14,29;0,3%;16,99;8,98;0,04
TGAR11;FII TG ATIVO;FII;Financeiro e Outros;128,00;11,1%;135,34;114,22;14,20
TGMA3;TEGMA ON;ON;Bens Industriais;17,77;4,9%;29,61;15,80;0,87
TGTB34;TARGET CORP DRN;DRN;Consumo não Cíclico;1278,89;0,8%;1413,94;773,27;10,40
THRA11;FII BM THERA;FII;Financeiro e Outros;138,50;96,6%;140,08;124,23;133,76
TIMS3;TIM ON;ON;Comunicações;12,22;3,2%;14,94;11,16;0,39
TKNO4;TEKNO PN;PN;Materiais Básicos;58,01;3,6%;66,33;36,55;2,08
TMOS34;THERMFISCHER DRN;DRN;Consumo não Cíclico;60,72;0,1%;64,20;47,05;0,06
TORD11;FII TORDE EI;FII;Financeiro e Outros;9,97;12,3%;11,50;8,15;1,23
TOTS3;TOTVS ON;ON;Tecnologia da Informação;40,60;0,7%;41,24;24,77;0,28
TOUR11;FII TOUR II;FII;Financeiro e Outros;168,21;20,5%;238,87;60,96;34,40
TOUR13;FII TOUR II;FII;Financeiro e Outros;171,02;;171,02;113,00;
TPIS3;TRIUNFO PART ON;ON;Bens Industriais;3,00;1,4%;4,97;1,08;0,04
TRAD3;TC ON;ON;Tecnologia da Informação;8,67;;14,15;7,27;
TRIS3;TRISUL ON;ON;Consumo Cíclico;7,63;3,2%;12,69;6,89;0,24
TRNT11;FII TORRE NO;FII;Financeiro e Outros;115,22;4,9%;199,79;113,00;5,70
TRPL3;TRAN PAULIST ON;ON;Utilidade Pública;32,00;10,8%;34,20;22,22;3,46
TRPL4;TRAN PAULIST PN;PN;Utilidade Pública;24,91;13,9%;27,09;18,21;3,46
TRXB11;FII TRX R II;FII;Financeiro e Outros;125,30;6,9%;125,35;97,73;8,58
TRXF11;FII TRX REAL;FII;Financeiro e Outros;100,89;8,1%;108,76;87,67;8,15
TSLA34;TESLA INC DRN;DRN;Consumo Cíclico;119,19;;152,03;55,41;
TSMC34;TAIWANSMFAC DRN;DRN;Não Classificado;78,50;0,3%;78,50;73,60;0,23
TTEN3;3TENTOS ON;ON;Consumo não Cíclico;9,95;;12,95;9,64;
TUPY3;TUPY ON;ON;Bens Industriais;21,63;0,6%;26,70;15,09;0,14
TWTR34;TWITTER DRN;DRN;Tecnologia da Informação;171,49;;225,68;102,74;
TXRX3;TEX RENAUX ON;ON;Consumo Cíclico;30,00;;108,00;29,64;
TXRX4;TEX RENAUX PN;PN;Consumo Cíclico;9,01;;14,20;9,00;
UBSG34;UBS GROUP DRN;DRN;Financeiro;86,05;1,9%;90,74;63,01;1,59
UCAS3;UNICASA ON;ON;Consumo Cíclico;4,52;4,7%;5,89;3,64;0,21
UGPA3;ULTRAPAR ON;ON;Petróleo. Gás e Biocombustíveis;14,50;4,4%;24,36;14,28;0,64
UNHH34;UNITEDHEALTH DRN;DRN;Não Classificado;61,91;0,2%;66,89;60,47;0,14
UNIP3;UNIPAR ON;ON;Materiais Básicos;96,99;7,5%;107,08;29,80;7,30
UNIP5;UNIPAR PNA;PNA;Materiais Básicos;88,71;9,2%;108,91;26,45;8,15
UNIP6;UNIPAR PNB;PNB;Materiais Básicos;90,72;8,9%;108,83;23,75;8,03
UPAC34;UNIONPACIFIC DRN;DRN;Bens Industriais;282,52;1,0%;350,80;255,92;2,78
UPSS34;UPS DRN;DRN;Bens Industriais;63,52;1,1%;74,19;52,21;0,69
URPR11;FII URCA REN;CI;Financeiro e Outros;118,31;15,7%;125,32;64,20;18,58
USBC34;US BANCORP DRN;DRN;Financeiro;74,75;1,5%;82,30;48,16;1,10
USIM3;USIMINAS ON;ON;Materiais Básicos;16,97;0,7%;23,63;9,40;0,12
USIM5;USIMINAS PNA;PNA;Materiais Básicos;17,00;0,8%;23,09;9,22;0,14
USIM6;USIMINAS PNB;PNB;Materiais Básicos;21,00;0,6%;29,40;9,53;0,13
USSX34;US STEEL DRN;DRN;Materiais Básicos;143,93;0,1%;163,99;43,30;0,11
VALE3;VALE ON;ON;Materiais Básicos;98,85;9,0%;118,15;52,76;8,86
VAMO3;VAMOS ON;ON;Consumo Cíclico;15,56;;18,99;7,36;
VCJR11;FII VECTIS;FII;Financeiro e Outros;93,70;10,8%;104,92;89,71;10,15
VCRR11;FII VECT REN;CI;Financeiro e Outros;95,50;1,4%;103,00;94,33;1,34
VERZ34;VERIZON DRN;DRN;Comunicações;47,55;2,4%;56,40;45,51;1,13
VGHF11;FII VALOR HE;CI;Financeiro e Outros;9,89;5,1%;10,13;8,54;0,50
VGIP11;FII VALORAIP;FII;Financeiro e Outros;101,10;12,3%;104,97;79,24;12,38
VGIR11;FII VALREIII;FII;Financeiro e Outros;93,99;6,2%;95,56;76,50;5,86
VIFI11;FII VINCI IF;CI;Financeiro e Outros;81,10;8,3%;92,79;76,47;6,73
VIIA3;VIA ON;ON;Consumo Cíclico;10,27;;20,57;10,19;
VILG11;FII VINCI LG;FII;Financeiro e Outros;104,80;6,4%;125,39;100,39;6,65
VINO11;FII VINCI OF;FII;Financeiro e Outros;59,04;8,6%;60,91;52,38;5,05
VISA34;VISA INC DRN;DRN;Financeiro;59,52;0,3%;67,34;51,99;0,17
VISC11;FII VINCI SC;FII;Financeiro e Outros;101,50;4,9%;115,04;98,42;4,98
VIUR11;FII VINCI IU;FII;Financeiro e Outros;84,20;1,6%;97,84;79,38;1,32
VIVA3;VIVARA S.A. ON;ON;Consumo Cíclico;33,12;0,5%;35,08;21,23;0,16
VIVR3;VIVER ON;ON;Consumo Cíclico;3,07;;10,33;0,78;
VIVT3;TELEF BRASIL ON;ON;Comunicações;43,22;7,4%;47,26;38,78;3,19
VLID3;VALID ON;ON;Bens Industriais;9,08;;11,25;6,85;
VLOE34;VALERO ENER DRN;DRN;Petróleo. Gás e Biocombustíveis;164,00;4,6%;234,59;109,23;7,54
VLOL11;FII OLIMPIA;FII;Financeiro e Outros;92,00;5,5%;103,50;86,11;5,04
VOTS11;FII V MASTER;FII;Financeiro e Outros;81,68;7,0%;88,64;71,03;5,69
VRTA11;FII FATOR VE;FII;Financeiro e Outros;107,44;9,9%;110,84;93,50;10,60
VSEC11;FII VOT SEC;CI;Financeiro e Outros;90,00;3,6%;115,85;51,08;3,24
VSHO11;FII VOT SHOP;FII;Financeiro e Outros;82,02;3,1%;86,05;66,00;2,51
VSLH11;FII VERS CRI;FII;Financeiro e Outros;10,04;5,4%;12,09;9,69;0,54
VTLT11;FII VOT LOG;FII;Financeiro e Outros;94,02;9,5%;112,78;91,53;8,89
VULC3;VULCABRAS ON;ON;Consumo Cíclico;9,55;;10,79;5,99;
VVAR3;VIA ON;ON;Consumo Cíclico;11,30;;20,57;10,91;
VVEO3;VIVEO ON;ON;Saúde;26,26;;27,90;22,05;
VVPR11;FII V2 PROP;FII;Financeiro e Outros;97,29;8,0%;101,26;91,11;7,76
VXXV11;FII VX XVI;CI;Financeiro e Outros;819,17;;819,17;721,50;
WALM34;WAL MART DRN;DRN;Consumo não Cíclico;47,97;1,1%;53,02;41,79;0,51
WEGE3;WEG ON;ON;Bens Industriais;36,29;1,1%;46,50;30,00;0,41
WEST3;WESTWING ON;ON;Tecnologia da Informação;7,01;;13,24;6,69;
WFCO34;WELLS FARGO DRN;DRN;Financeiro;56,61;0,6%;67,50;29,45;0,36
WHRL3;WHIRLPOOL ON;ON;Consumo Cíclico;7,25;6,1%;7,70;6,25;0,44
WHRL4;WHIRLPOOL PN;PN;Consumo Cíclico;9,34;5,2%;9,43;6,57;0,48
WIZS3;WIZ S.A. ON;ON;Financeiro;13,51;4,5%;18,99;5,58;0,61
WLMM3;WLM IND COM ON;ON;Bens Industriais;34,00;1,5%;44,46;13,11;0,50
WLMM4;WLM IND COM PN;PN;Bens Industriais;38,19;1,4%;43,55;18,23;0,54
WPLZ11;FII W PLAZA;FII;Financeiro e Outros;59,28;0,2%;80,55;55,86;0,10
WSON33;WILSON SONS DR3;DR3;Bens Industriais;63,50;7,1%;68,34;34,20;4,49
WTSP11B;FII WTC SP;FII;Financeiro e Outros;45,46;4,4%;59,79;41,50;1,99
WUNI34;WESTERNUNION DRN;DRN;Financeiro;111,87;2,2%;147,14;107,76;2,46
XBOV11;CAIXAETFXBOV CI;CI;Não Classificado;116,79;;128,79;91,83;
XINA11;ETF MSCI China CI;CI;Não Classificado;9,21;;10,59;8,36;
XPCI11;FII XP CRED;FII;Financeiro e Outros;100,03;9,7%;101,84;75,78;9,72
XPCM11;FII XP MACAE;FII;Financeiro e Outros;29,83;27,1%;54,62;27,12;8,09
XPHT11;FII XP HOT;FII;Financeiro e Outros;90,00;;95,83;81,03;
XPHT12;FII XP HOT;FII;Financeiro e Outros;55,01;;82,34;50,00;
XPIN11;FII XP INDL;FII;Financeiro e Outros;95,40;7,9%;113,76;93,00;7,50
XPLG11;FII XP LOG;FII;Financeiro e Outros;103,70;6,9%;127,73;98,42;7,13
XPML11;FII XP MALLS;FII;Financeiro e Outros;103,72;4,4%;116,41;94,07;4,56
XPPR11;FII XP PROP;FII;Financeiro e Outros;68,24;9,7%;83,07;60,42;6,62
XPSF11;FII XP SELEC;FII;Financeiro e Outros;84,00;10,7%;95,83;80,78;8,95
XRXB34;XEROX CORP DRN;DRN;Tecnologia da Informação;116,99;2,3%;147,93;98,93;2,74
XTED11;FII TRXE COR;FII;Financeiro e Outros;6,89;;8,18;6,62;
YDUQ3;YDUQS PART ON;ON;Consumo Cíclico;25,76;1,8%;37,55;22,27;0,47
ZIFI11;FII ZION;CI;Financeiro e Outros;1364,99;;1720,07;1200,04;
